[{"ID":1,"SequenceNo":1.0,"Title":"FINPULSE TABLE BACKUPS","QueryText":"/* Backup to be taken before loading the finpulse data, a day before finpulse load */\r\n/* Leave last 2 backup and delete the old backup tables. */\r\nselect * into FinPulse_RevExp_06AUG2021 from  FinPulse_RevExp\r\nselect * into EAS_ManPower_06AUG2021 from  EAS_ManPower\r\nselect * into TMUnbilledFinPulse_06AUG2021 from  TMUnbilledFinPulse\r\nselect * into ONB_trend_data_06AUG2021 from  ONB_trend_data\r\nselect * into BEFinPulseData_06AUG2021 from BEFinPulseData\r\n\r\n \r\ndrop table  FinPulse_RevExp_Current_BK_Validation\r\ndrop table  EAS_ManPower_BK_Validation\r\ndrop table  TMUnbilledFinPulse_BK_Validation\r\ndrop table  ONB_trend_data_BK_Validation\r\ndrop table  BEFinPulseData_BK_Validation\r\n\r\n \r\nselect * into  FinPulse_RevExp_Current_BK_Validation  from FinPulse_RevExp_Current  \r\nselect *  into EAS_ManPower_BK_Validation   from EAS_ManPower\r\nselect *  into TMUnbilledFinPulse_BK_Validation   from TMUnbilledFinPulse\r\nselect *  into ONB_trend_data_BK_Validation   from ONB_trend_data\r\nselect *  into  BEFinPulseData_BK_Validation   from BEFinPulseData\r\n\r\n/*Exclude Dashboard Validation Tool Table Backup*/\r\nselect * into tbl_offlineDashBoard_ToolTestData_ExclBPO_06AUG2021 from tbl_offlineDashBoard_ToolTestData_ExclBPO\r\ndelete from tbl_offlineDashBoard_ToolTestData_ExclBPO where jobid <> 'base'\r\n\r\nupdate tblFinpulseScriptTracker set Status='Completed' where SequenceNo=1","Status":"Pending"},{"ID":2,"SequenceNo":2.0,"Title":"FINPULSE DAY BACKUP","QueryText":"/*Before loading the Monthly rates and Quarterly Rates, take the backup of BEMonthlyActualRates table */\r\nselect * into BEMonthlyActualRates_06AUG2021 from BEMonthlyActualRates\r\nselect * into BEExchangeRates_FA_06AUG2021 from BEExchangeRates_FA\r\n\r\nupdate tblFinpulseScriptTracker set Status='Completed' where SequenceNo=2\r\n\r\n\r\n/* Load the MA Rates, followed by QA Rates if available  */","Status":"Pending"},{"ID":3,"SequenceNo":3.0,"Title":"Quaterly Actual Validation","QueryText":"/* Query to validate the gap between 2 months = +- 0.02\r\nModify the below query based on need */\r\n select * from (\r\n select A.NC , Round( A.LatestMonth - B.PrevMonth , 2) as Diff  from \r\n (\r\n select Trim(txtnativecurrency) as NC, fltMonth1ActRate as LatestMonth   \r\n from bemonthlyactualrates where txtyear  = '2021-22' and txtquartername = 'Q1'\r\n )A\r\n inner join (\r\n select Trim(txtnativecurrency) as NC, fltMonth3ActRate as PrevMonth   \r\n from bemonthlyactualrates where txtyear  = '2020-21' and txtquartername = 'Q4'\r\n )B\r\n on A.NC = B.NC ) C  \r\n where diff >= 0.02 or diff <= - 0.02 \r\n \r\n /* To update the quarterly Rate, on end of quarter  */\r\n  update bemonthlyactualrates set fltQtyAvgFARate = (fltMonth1ActRate + fltMonth2ActRate + fltMonth3ActRate )/ 3 \r\n where txtyear  = '2021-22' and txtquartername = 'Q1' \r\n \r\n\r\n update tblFinpulseScriptTracker set Status='Completed' where SequenceNo=3","Status":"Pending"},{"ID":4,"SequenceNo":4.0,"Title":"REVPROD(BeFinPulseData) LOAD","QueryText":"/* ************  REVPROD(BeFinPulseData) LOAD  ************ \r\n BEFORE LOADING THE REVPROD FILE, TAKE CARE OF THE FOLLOWING,\r\n 1) Reboot the server \r\n 2) Ensure Exchange Rates are loaded  (if M2,M3 only MA Rates) (if M1 then MA Rates + Qtrly Rates)\r\n 3) Take below Backup */ \r\n\r\n\tselect * into EAS_BEData_DM_06AUG2021 from EAS_BEData_DM\r\n\tselect * into EAS_BEData_SDM_06AUG2021 from EAS_BEData_SDM\r\n\r\n\tdrop table  EAS_BEData_DM_BK_Validation\r\n\tdrop table EAS_BEData_SDM_BK_Validation\r\n\r\n\tselect * into EAS_BEData_DM_BK_Validation   from EAS_BEData_DM\r\n\tselect * into EAS_BEData_SDM_BK_Validation   from EAS_BEData_SDM\r\n\r\n\tselect * into AlconPBS_06AUG2021 from Alconpbs\r\n\tselect * into BERTBRNC_06AUG2021 from BERTBRNC\r\n\tselect * into DemClientCodePortfolio_06AUG2021 from DemClientCodePortfolio\r\n\r\n\t /*Digital BE Backup*/\r\n\tselect * into EAS_BEData_DM_NSO_06AUG2021 from EAS_BEData_DM_NSO\r\n\tselect * into EAS_BEData_SDM_NSO_06AUG2021 from EAS_BEData_SDM_NSO\r\n\r\n\t/* ----- Load the Before Version of DemClientCodePortfolio data */\r\n\t exec sp_DemCCP_Compare 'BEFORE'  \t  \r\n\r\n\r\n/*5) Load the Finpulse(REVPROD) File.\r\n  6)  After Loading the Data, new RTBR and Alcon files are to be loaded mandatorily if available.\r\n\t\t If files are not available, move the data from main table to lastdat_bk table using the following */ \r\n\t\t exec  [SP_AlconPBS_Move_datato_LastDayBk_AftrActualLoad] \r\n\t\t exec  [SP_RTBR_backup_BERTBRNC_lastdayBK_AftrActualLoad]\r\n/*  7) After loading the Finpulse execute the scripts below  */\r\n  \r\nupdate BEFinPulseData set [mastercustomercode] = customercode where [mastercustomercode] is null\r\nupdate BEFinPulseData set [mastercustomercode] = customercode where [mastercustomercode] = ''\r\n   \r\n\tdrop table EAS_BEData_DM_BK_Validation_AfterRevProdLoad\r\n\tdrop table EAS_BEData_SDM_BK_Validation_AfterRevProdLoad\r\n\r\n\tselect * into EAS_BEData_DM_BK_Validation_AfterRevProdLoad  from EAS_BEData_DM\r\n\tselect * into EAS_BEData_SDM_BK_Validation_AfterRevProdLoad  from EAS_BEData_SDM\r\n\r\n\tdrop table EAS_BEData_DM_NSO_AfterRevProdLoad\r\n\tdrop table EAS_BEData_SDM_NSO_AfterRevProdLoad\r\n\tselect * into EAS_BEData_DM_NSO_AfterRevProdLoad from EAS_BEData_DM_NSO\r\n\tselect * into EAS_BEData_SDM_NSO_AfterRevProdLoad from EAS_BEData_SDM_NSO\r\n\r\nupdate befinpulsedata set RegionGroup = 'AMERICAS' where RegionGroup in ( 'America'  ,'americas' )\r\nupdate befinpulsedata set RegionGroup = 'EUROPE' where RegionGroup in ( 'EUROPE' )\r\n \r\n /************  END of RevProd Load  ************/\r\n  update tblFinpulseScriptTracker set Status='Completed' where SequenceNo=4","Status":"Pending"},{"ID":5,"SequenceNo":5.1,"Title":"MANPOWER","QueryText":"/*--->> MANPOWER <<--- */\r\nselect yearmonth , sum(effort)  from EAS_ManPower where YearMonth > 202103 group by YearMonth order by yearmonth\r\nselect yearmonth , sum(effort)  from EAS_ManPower_06AUG2021 where YearMonth > 202103 group by YearMonth order by yearmonth\r\n\r\nselect  sum(effort)  from EAS_ManPower where YearMonth <= 202103  \r\nselect  sum(effort)  from EAS_ManPower_06AUG2021 where YearMonth <= 202103  \r\n\r\n  update tblFinpulseScriptTracker set Status='Completed' where SequenceNo=5.1\r\n","Status":"Pending"},{"ID":6,"SequenceNo":5.2,"Title":"TMUNBILLEDFINPULSE","QueryText":"/* --->>TMUNBILLEDFINPULSE <<--- */\r\nselect month, sum([Billable Days])  as 'Billable' , count(*) as 'records'  from TMUnbilledFinPulse where FY='2021-22' group by month order by Month\r\nselect month, sum([Billable Days])  as 'Billable' , count(*) as 'records'  from TMUnbilledFinPulse_06AUG2021 where FY='2021-22' group by month order by Month\r\n\r\nselect  sum([Billable Days])  as 'Billable' , count(*) as 'records'  from TMUnbilledFinPulse where FY !='2021-22'  \r\nselect  sum([Billable Days])  as 'Billable' , count(*) as 'records'  from TMUnbilledFinPulse_06AUG2021 where FY !='2021-22' \r\n\r\n  update tblFinpulseScriptTracker set Status='Completed' where SequenceNo=5.2","Status":"Pending"},{"ID":7,"SequenceNo":5.3,"Title":"ONB","QueryText":"select  month , sum([Person Months]) as 'pm' , count(*) as 'records' from ONB_trend_data where FinYear ='2021-22' group by month order by month\r\nselect  month , sum([Person Months]) as 'pm' , count(*) as 'records' from ONB_trend_data_06AUG2021 where FinYear ='2021-22' group by month order by month\r\n\r\nselect      sum([Person Months]) as 'pm' , count(*) as 'records' from ONB_trend_data where FinYear !='2021-22'  \r\nselect      sum([Person Months]) as 'pm' , count(*) as 'records' from ONB_trend_data_06AUG2021 where FinYear !='2021-22'  \r\n\r\n  update tblFinpulseScriptTracker set Status='Completed' where SequenceNo=5.3","Status":"Pending"},{"ID":8,"SequenceNo":5.4,"Title":"REVEXP","QueryText":"select sum(Apr) as 'Apr'  , sum(May) as 'May' , sum(Jun) as 'Jun' , sum(Jul) as 'Jul' , sum(Aug)  as 'Aug', \r\nsum(Sep) as 'Sep' , sum(Oct) as 'Oct' , sum(Nov) as 'Nov' , sum(Decm) as 'Dec' , sum(Jan) as 'Jan', sum(Feb) as 'Feb' , sum(Mar) as 'Mar'\r\nfrom Finpulse_RevExp_Current where FinYear ='2021-22'\r\nselect sum(Apr) as 'Apr'  , sum(May) as 'May' , sum(Jun) as 'Jun' , sum(Jul) as 'Jul' , sum(Aug)  as 'Aug', \r\nsum(Sep) as 'Sep' , sum(Oct) as 'Oct' , sum(Nov) as 'Nov' , sum(Decm) as 'Dec' , sum(Jan) as 'Jan', sum(Feb) as 'Feb' , sum(Mar) as 'Mar'\r\nfrom FinPulse_RevExp_06AUG2021 where FinYear ='2021-22'\r\n\r\nselect sum(Apr) as 'Apr'  , sum(May) as 'May' , sum(Jun) as 'Jun' , sum(Jul) as 'Jul' , sum(Aug)  as 'Aug', \r\nsum(Sep) as 'Sep' , sum(Oct) as 'Oct' , sum(Nov) as 'Nov' , sum(Decm) as 'Dec' , sum(Jan) as 'Jan', sum(Feb) as 'Feb' , sum(Mar) as 'Mar'\r\nfrom Finpulse_RevExp_Current where FinYear ='2021-22'\r\nselect sum(Apr) as 'Apr'  , sum(May) as 'May' , sum(Jun) as 'Jun' , sum(Jul) as 'Jul' , sum(Aug)  as 'Aug', \r\nsum(Sep) as 'Sep' , sum(Oct) as 'Oct' , sum(Nov) as 'Nov' , sum(Decm) as 'Dec' , sum(Jan) as 'Jan', sum(Feb) as 'Feb' , sum(Mar) as 'Mar'\r\nfrom FinPulse_RevExp_06AUG2021 where FinYear ='2021-22'\r\n\r\n\r\n  update tblFinpulseScriptTracker set Status='Completed' where SequenceNo=5.4","Status":"Pending"},{"ID":9,"SequenceNo":5.5,"Title":"REVEXP prev months intact","QueryText":"select sum(Apr) + sum(May) + sum(Jun) + sum(Jul) + sum(Aug)  +sum(Sep) + sum(Oct) +sum(Nov)+ sum(Decm)+ sum(Jan) + sum(Feb) + sum(Mar)  from FinPulse_RevExp where FinYear !='2021-22'\r\nselect sum(Apr) + sum(May) + sum(Jun) + sum(Jul) + sum(Aug)  +sum(Sep) + sum(Oct) +sum(Nov)+ sum(Decm)+ sum(Jan) + sum(Feb) + sum(Mar)  from FinPulse_RevExp_06AUG2021 where FinYear !='2021-22'\r\n\r\nupdate tblFinpulseScriptTracker set Status='Completed' where SequenceNo=5.5","Status":"Pending"},{"ID":10,"SequenceNo":5.6,"Title":"REVPROD(FINPULSE)","QueryText":"select YearMonth , sum(totalrevenue) as Rev  from BEFinPulseData where YearMonth > 202103 group by yearmonth\r\nselect YearMonth , sum(totalrevenue) as Rev  from BEFinPulseData_06AUG2021 where YearMonth > 202103 group by yearmonth\r\n\r\nselect   sum(totalrevenue) as Rev  from BEFinPulseData where YearMonth <= 202103  \r\nselect   sum(totalrevenue) as Rev  from BEFinPulseData_06AUG2021 where YearMonth <= 202103  \r\n\r\nupdate tblFinpulseScriptTracker set Status='Completed' where SequenceNo=5.6","Status":"Pending"},{"ID":11,"SequenceNo":6.0,"Title":"Check Rev/Effort","QueryText":"/*Run the below Sp to check Rev/Effort is same in Rev Prod, Rev Exp and Manpower */\r\nexec SP_Validate_Rev_Effort_RevProd_RevExp_MP\r\n\r\nupdate tblFinpulseScriptTracker set Status='Completed' where SequenceNo=6","Status":"Pending"},{"ID":12,"SequenceNo":7.0,"Title":"Validate microsnapshot","QueryText":"/*open the SP for more details, customise the query to match the DB numbers with microsnapshot mailer */\r\nexec sp_Query_Validate_Microsnapshot\r\n\r\nupdate tblFinpulseScriptTracker set Status='Completed' where SequenceNo=7","Status":"Pending"},{"ID":13,"SequenceNo":8.0,"Title":"Scripts to be run after loading the BEFinpulseData","QueryText":"  /*After loading the BEFinpulseData run the below scripts against the quarters, if the numbers are not matching then there might be some duplicates present in the\r\n BE Tables, Please run the sp  \r\n for any duplicates, if present delete the duplicate one based on the zero values in the columns  */\r\n exec [SP_CheckBEDuplicate_AfterActuals]\r\n exec [SP_CheckBEDuplicate]\r\n \r\n drop table BEFinPulseData_ExclEASPlus\r\nselect txtSU,ProjectPU, ReportingPU,MasterProject,SourceCompany,TotalRevenue,TotalBilledMonths,\r\nYearMonth,DigitalTagged into BEFinPulseData_ExclEASPlus \r\nfrom BEFinPulseData where yearmonth >=  202104\r\n\r\ndelete  from BEFinPulseData_ExclEASPlus where txtSU = 'ECAS' and ReportingPU like 'FL%' \r\ndelete  from BEFinPulseData_ExclEASPlus where  txtSU ='ECAS' and  ReportingPU like 'SPD%'\r\n\r\n/*  >>Q1 */\r\nselect txtServiceLine, sum(fltSDMMonth1BE + fltSDMMonth2BE+fltSDMMonth3BE) from EAS_BEData_SDM_06AUG2021 where txtquarter ='Q1' and txtfyyr='2021-22'  group by txtServiceLine\r\nselect txtServiceLine, sum(fltSDMMonth1BE + fltSDMMonth2BE+fltSDMMonth3BE) from eas_bedata_sdm where txtquarter ='Q1' and txtfyyr='2021-22'  group by txtServiceLine\r\n\r\nselect txtServiceLine, sum(fltDMMonth1BE + fltDMMonth2BE+fltDMMonth3BE) from EAS_BEData_DM_06AUG2021 where txtquarter ='Q1' and txtfyyr='2021-22'  group by txtServiceLine\r\nselect txtServiceLine, sum(fltDMMonth1BE + fltDMMonth2BE+fltDMMonth3BE) from eas_bedata_dm where txtquarter ='Q1' and txtfyyr='2021-22'  group by txtServiceLine\r\n\r\nselect yearmonth , sum(TotalRevenue) , sum(TotalBilledMonths) from BEFinPulseData_ExclEASPlus where yearmonth in (202104,202105,202106)  \r\ngroup by YearMonth order by yearmonth\r\nselect  202104,  sum(fltFinpulseMonth1 ) as Rev , sum(fltEffortMonth1Offshore+fltEffortMonth1Onsite) as Vol from EAS_BEData_SDM where txtquarter ='Q1' and txtfyyr='2021-22' \r\nselect  202105,  sum(fltFinpulseMonth2 ) as Rev, sum(fltEffortMonth2Offshore+fltEffortMonth2Onsite) as Vol  from EAS_BEData_SDM where txtquarter ='Q1' and txtfyyr='2021-22' \r\nselect 202106,  sum(fltFinpulseMonth3 ) as Rev , sum(fltEffortMonth3Offshore+fltEffortMonth3Onsite) as Vol from EAS_BEData_SDM where txtquarter ='Q1' and txtfyyr='2021-22'  \r\n\r\n\r\nselect yearmonth , sum(TotalRevenue) , sum(TotalBilledMonths) from BEFinPulseData_ExclEASPlus where yearmonth in (202104,202105,202106)\r\ngroup by YearMonth\r\nselect 202104,  sum(fltFinpulseMonth1 ) as Rev , sum(fltEffortMonth1Offshore+fltEffortMonth1Onsite) as Vol  from EAS_BEData_DM where txtquarter ='Q1' and txtfyyr='2021-22'  \r\nselect 202105,  sum(fltFinpulseMonth2 ) as Rev, sum(fltEffortMonth2Offshore+fltEffortMonth2Onsite) as Vol  from EAS_BEData_DM where txtquarter ='Q1' and txtfyyr='2021-22'  \r\nselect 202106,  sum(fltFinpulseMonth3 ) as Rev, sum(fltEffortMonth3Offshore+fltEffortMonth3Onsite) as Vol  from EAS_BEData_DM where txtquarter ='Q1' and txtfyyr='2021-22'  \r\n\r\n  /*--->>Q2 */\r\n\r\n\r\n\r\nselect txtServiceLine, sum(fltSDMMonth1BE + fltSDMMonth2BE+fltSDMMonth3BE) from EAS_BEData_SDM_06AUG2021 where txtquarter ='Q2' and txtfyyr='2021-22'    group by txtServiceLine\r\nselect txtServiceLine, sum(fltSDMMonth1BE + fltSDMMonth2BE+fltSDMMonth3BE) from eas_bedata_sdm where txtquarter ='Q2' and txtfyyr='2021-22'    group by txtServiceLine\r\n\r\nselect txtServiceLine, sum(fltDMMonth1BE + fltDMMonth2BE+fltDMMonth3BE) from EAS_BEData_DM_06AUG2021 where txtquarter ='Q2' and txtfyyr='2021-22'    group by txtServiceLine\r\nselect txtServiceLine, sum(fltDMMonth1BE + fltDMMonth2BE+fltDMMonth3BE) from eas_bedata_dm where txtquarter ='Q2' and txtfyyr='2021-22'    group by txtServiceLine\r\n\r\nselect yearmonth , sum(TotalRevenue) , sum(TotalBilledMonths) from BEFinPulseData_ExclEASPlus where yearmonth in (202107,202108,202109)\r\ngroup by YearMonth order by yearmonth\r\nselect  202107,  sum(fltFinpulseMonth1 ) as Rev , sum(fltEffortMonth1Offshore+fltEffortMonth1Onsite) as Vol from EAS_BEData_SDM where txtquarter ='Q2' and txtfyyr='2021-22'   \r\nselect  202108,  sum(fltFinpulseMonth2 ) as Rev , sum(fltEffortMonth2Offshore+fltEffortMonth2Onsite) as Vol from EAS_BEData_SDM where txtquarter ='Q2' and txtfyyr='2021-22'   \r\nselect 202109,  sum(fltFinpulseMonth3 ) as Rev , sum(fltEffortMonth3Offshore+fltEffortMonth3Onsite) as Vol from EAS_BEData_SDM where txtquarter ='Q2' and txtfyyr='2021-22'    \r\n\r\n\r\nselect yearmonth , sum(TotalRevenue) , sum(TotalBilledMonths) from BEFinPulseData_ExclEASPlus where yearmonth in (202107,202108,202109)\r\ngroup by YearMonth\r\nselect 202107,  sum(fltFinpulseMonth1 ) as Rev, sum(fltEffortMonth1Offshore+fltEffortMonth1Onsite) as Vol from EAS_BEData_DM where txtquarter ='Q2' and txtfyyr='2021-22'    \r\nselect 202108,  sum(fltFinpulseMonth2 ) as Rev, sum(fltEffortMonth2Offshore+fltEffortMonth2Onsite) as Vol from EAS_BEData_DM where txtquarter ='Q2' and txtfyyr='2021-22'    \r\nselect 202109,  sum(fltFinpulseMonth3 ) as Rev, sum(fltEffortMonth3Offshore+fltEffortMonth3Onsite) as Vol from EAS_BEData_DM where txtquarter ='Q2' and txtfyyr='2021-22'    \r\n\r\n /*>>Q3*/\r\n\r\nselect txtServiceLine, sum(fltSDMMonth1BE + fltSDMMonth2BE+fltSDMMonth3BE) from EAS_BEData_SDM_06AUG2021 where txtquarter ='Q3' and txtfyyr='2021-22'    group by txtServiceLine\r\nselect txtServiceLine, sum(fltSDMMonth1BE + fltSDMMonth2BE+fltSDMMonth3BE) from eas_bedata_sdm where txtquarter ='Q3' and txtfyyr='2021-22'    group by txtServiceLine\r\n\r\nselect txtServiceLine, sum(fltDMMonth1BE + fltDMMonth2BE+fltDMMonth3BE) from EAS_BEData_DM_06AUG2021 where txtquarter ='Q3' and txtfyyr='2021-22'    group by txtServiceLine\r\nselect txtServiceLine, sum(fltDMMonth1BE + fltDMMonth2BE+fltDMMonth3BE) from eas_bedata_dm where txtquarter ='Q3' and txtfyyr='2021-22'    group by txtServiceLine\r\n\r\nselect yearmonth , sum(TotalRevenue) , sum(TotalBilledMonths) from BEFinPulseData_ExclEASPlus where yearmonth in (202110,202111,202112)\r\ngroup by YearMonth order by yearmonth\r\nselect  202110,  sum(fltFinpulseMonth1 ) as Rev , sum(fltEffortMonth1Offshore+fltEffortMonth1Onsite) as Vol from EAS_BEData_SDM where txtquarter ='Q3' and txtfyyr='2021-22'   \r\nselect  202111,  sum(fltFinpulseMonth2 ) as Rev , sum(fltEffortMonth2Offshore+fltEffortMonth2Onsite) as Vol from EAS_BEData_SDM where txtquarter ='Q3' and txtfyyr='2021-22'   \r\nselect 202112,  sum(fltFinpulseMonth3 ) as Rev , sum(fltEffortMonth3Offshore+fltEffortMonth3Onsite) as Vol from EAS_BEData_SDM where txtquarter  ='Q3' and txtfyyr='2021-22'    \r\n\r\n\r\nselect yearmonth , sum(TotalRevenue) , sum(TotalBilledMonths) from BEFinPulseData_ExclEASPlus where yearmonth in (202110,202111,202112)\r\ngroup by YearMonth\r\nselect 202110,  sum(fltFinpulseMonth1 ) as Rev, sum(fltEffortMonth1Offshore+fltEffortMonth1Onsite) as Vol from EAS_BEData_DM where txtquarter ='Q3' and txtfyyr='2021-22'    \r\nselect 202111,  sum(fltFinpulseMonth2 ) as Rev, sum(fltEffortMonth2Offshore+fltEffortMonth2Onsite) as Vol from EAS_BEData_DM where txtquarter ='Q3' and txtfyyr='2021-22'    \r\nselect 202112,  sum(fltFinpulseMonth3 ) as Rev, sum(fltEffortMonth3Offshore+fltEffortMonth3Onsite) as Vol from EAS_BEData_DM where txtquarter ='Q3' and txtfyyr='2021-22'    \r\n\r\n  /*--->>Q4*/\r\nselect txtServiceLine, sum(fltSDMMonth1BE + fltSDMMonth2BE+fltSDMMonth3BE) from EAS_BEData_SDM_06AUG2021 where txtquarter ='Q4' and txtfyyr='2021-22'    group by txtServiceLine\r\nselect txtServiceLine, sum(fltSDMMonth1BE + fltSDMMonth2BE+fltSDMMonth3BE) from eas_bedata_sdm where txtquarter ='Q4' and txtfyyr='2021-22'    group by txtServiceLine\r\n\r\nselect txtServiceLine, sum(fltDMMonth1BE + fltDMMonth2BE+fltDMMonth3BE) from EAS_BEData_DM_06AUG2021 where txtquarter ='Q4' and txtfyyr='2021-22'    group by txtServiceLine\r\nselect txtServiceLine, sum(fltDMMonth1BE + fltDMMonth2BE+fltDMMonth3BE) from eas_bedata_dm where txtquarter ='Q4' and txtfyyr='2021-22'    group by txtServiceLine\r\n\r\nselect yearmonth , sum(TotalRevenue) , sum(TotalBilledMonths) from BEFinPulseData_ExclEASPlus where yearmonth in (202201,202202,202203)\r\ngroup by YearMonth order by yearmonth\r\nselect  202201,  sum(fltFinpulseMonth1 ) as Rev , sum(fltEffortMonth1Offshore+fltEffortMonth1Onsite) as Vol from EAS_BEData_SDM where txtquarter ='Q4' and txtfyyr='2021-22'   \r\nselect  202202,  sum(fltFinpulseMonth2 ) as Rev , sum(fltEffortMonth2Offshore+fltEffortMonth2Onsite) as Vol from EAS_BEData_SDM where txtquarter ='Q4' and txtfyyr='2021-22'   \r\nselect  202203,  sum(fltFinpulseMonth3 ) as Rev , sum(fltEffortMonth3Offshore+fltEffortMonth3Onsite) as Vol from EAS_BEData_SDM where txtquarter  ='Q4' and txtfyyr='2021-22'    \r\n\r\nselect yearmonth , sum(TotalRevenue) , sum(TotalBilledMonths) from BEFinPulseData_ExclEASPlus where yearmonth in (202201,202202,202203)\r\ngroup by YearMonth\r\nselect 202201,  sum(fltFinpulseMonth1 ) as Rev, sum(fltEffortMonth1Offshore+fltEffortMonth1Onsite) as Vol from EAS_BEData_DM where txtquarter ='Q4' and txtfyyr='2021-22'    \r\nselect 202202,  sum(fltFinpulseMonth2 ) as Rev, sum(fltEffortMonth2Offshore+fltEffortMonth2Onsite) as Vol from EAS_BEData_DM where txtquarter ='Q4' and txtfyyr='2021-22'    \r\nselect 202203,  sum(fltFinpulseMonth3 ) as Rev, sum(fltEffortMonth3Offshore+fltEffortMonth3Onsite) as Vol from EAS_BEData_DM where txtquarter ='Q4' and txtfyyr='2021-22'    \r\n\r\nupdate tblFinpulseScriptTracker set Status='Completed' where SequenceNo=8","Status":"Pending"},{"ID":14,"SequenceNo":9.0,"Title":"Digital BE Validation","QueryText":"/* Digital BE Validation ----*/\r\n\r\n/*  >>Q1 */\r\nselect txtServiceLine, sum(fltSDMMonth1BE + fltSDMMonth2BE+fltSDMMonth3BE) from EAS_BEData_SDM_NSO_06AUG2021 \r\nwhere txtquarter ='Q1' and txtfyyr='2021-22' and txtServiceLine in ('SAP','ORC')  group by txtServiceLine\r\nselect txtServiceLine, sum(fltSDMMonth1BE + fltSDMMonth2BE+fltSDMMonth3BE) from EAS_BEData_SDM_NSO \r\nwhere txtquarter ='Q1' and txtfyyr='2021-22' and txtServiceLine in ('SAP','ORC')  group by txtServiceLine\r\n\r\nselect txtServiceLine, sum(fltDMMonth1BE + fltDMMonth2BE+fltDMMonth3BE) from EAS_BEData_DM_NSO_06AUG2021 \r\nwhere txtquarter ='Q1' and txtfyyr='2021-22' and txtServiceLine in ('SAP','ORC')  group by txtServiceLine\r\nselect txtServiceLine, sum(fltDMMonth1BE + fltDMMonth2BE+fltDMMonth3BE) from EAS_BEData_DM_NSO \r\nwhere txtquarter ='Q1' and txtfyyr='2021-22' and txtServiceLine in ('SAP','ORC')  group by txtServiceLine\r\n\r\nselect yearmonth , sum(TotalRevenue) , sum(TotalBilledMonths) from BEFinPulseData_ExclEASPlus where yearmonth in (202104,202105,202106)  \r\nand txtSU in ('SAP','ORC') and DigitalTagged = 'Yes' group by YearMonth order by yearmonth\r\nselect  202104,  sum(fltFinpulseMonth1 ) as Rev , sum(fltEffortMonth1Offshore+fltEffortMonth1Onsite) as Vol from EAS_BEData_SDM_NSO \r\nwhere txtquarter ='Q1' and txtfyyr='2021-22'  and txtServiceLine in ('SAP','ORC')\r\nselect  202105,  sum(fltFinpulseMonth2 ) as Rev, sum(fltEffortMonth2Offshore+fltEffortMonth2Onsite) as Vol  from EAS_BEData_SDM_NSO \r\nwhere txtquarter ='Q1' and txtfyyr='2021-22'  and txtServiceLine in ('SAP','ORC')\r\nselect 202106,  sum(fltFinpulseMonth3 ) as Rev , sum(fltEffortMonth3Offshore+fltEffortMonth3Onsite) as Vol from EAS_BEData_SDM_NSO \r\nwhere txtquarter ='Q1' and txtfyyr='2021-22'   and txtServiceLine in ('SAP','ORC')\r\n\r\n\r\nselect yearmonth , sum(TotalRevenue) , sum(TotalBilledMonths) from BEFinPulseData_ExclEASPlus where yearmonth in (202104,202105,202106)\r\nand txtSU in ('SAP','ORC') and DigitalTagged = 'Yes' group by YearMonth\r\nselect 202104,  sum(fltFinpulseMonth1 ) as Rev , sum(fltEffortMonth1Offshore+fltEffortMonth1Onsite) as Vol  from EAS_BEData_DM_NSO \r\nwhere txtquarter ='Q1' and txtfyyr='2021-22'   and txtServiceLine in ('SAP','ORC')\r\nselect 202105,  sum(fltFinpulseMonth2 ) as Rev, sum(fltEffortMonth2Offshore+fltEffortMonth2Onsite) as Vol  from EAS_BEData_DM_NSO \r\nwhere txtquarter ='Q1' and txtfyyr='2021-22'   and txtServiceLine in ('SAP','ORC')\r\nselect 202106,  sum(fltFinpulseMonth3 ) as Rev, sum(fltEffortMonth3Offshore+fltEffortMonth3Onsite) as Vol  from EAS_BEData_DM_NSO \r\nwhere txtquarter ='Q1' and txtfyyr='2021-22'   and txtServiceLine in ('SAP','ORC')\r\n\r\n  /*--->>Q2 */\r\n\r\n\r\n\r\nselect txtServiceLine, sum(fltSDMMonth1BE + fltSDMMonth2BE+fltSDMMonth3BE) from EAS_BEData_SDM_NSO_06AUG2021\r\nwhere txtquarter ='Q2' and txtfyyr='2021-22' and txtServiceLine in ('SAP','ORC')    group by txtServiceLine\r\nselect txtServiceLine, sum(fltSDMMonth1BE + fltSDMMonth2BE+fltSDMMonth3BE) from EAS_BEData_SDM_NSO \r\nwhere txtquarter ='Q2' and txtfyyr='2021-22'  and txtServiceLine in ('SAP','ORC')   group by txtServiceLine\r\n\r\nselect txtServiceLine, sum(fltDMMonth1BE + fltDMMonth2BE+fltDMMonth3BE) from EAS_BEData_DM_NSO_06AUG2021 \r\nwhere txtquarter ='Q2' and txtfyyr='2021-22' and txtServiceLine in ('SAP','ORC')    group by txtServiceLine\r\nselect txtServiceLine, sum(fltDMMonth1BE + fltDMMonth2BE+fltDMMonth3BE) from EAS_BEData_DM_NSO \r\nwhere txtquarter ='Q2' and txtfyyr='2021-22' and txtServiceLine in ('SAP','ORC')    group by txtServiceLine\r\n\r\nselect yearmonth , sum(TotalRevenue) , sum(TotalBilledMonths) from BEFinPulseData_ExclEASPlus where yearmonth in (202107,202108,202109)\r\nand txtSU in ('SAP','ORC') and DigitalTagged = 'Yes' group by YearMonth order by yearmonth\r\nselect  202107,  sum(fltFinpulseMonth1 ) as Rev , sum(fltEffortMonth1Offshore+fltEffortMonth1Onsite) as Vol from EAS_BEData_SDM_NSO \r\nwhere txtquarter ='Q2' and txtfyyr='2021-22'    and txtServiceLine in ('SAP','ORC')\r\nselect  202108,  sum(fltFinpulseMonth2 ) as Rev , sum(fltEffortMonth2Offshore+fltEffortMonth2Onsite) as Vol from EAS_BEData_SDM_NSO \r\nwhere txtquarter ='Q2' and txtfyyr='2021-22'   and txtServiceLine in ('SAP','ORC') \r\nselect 202109,  sum(fltFinpulseMonth3 ) as Rev , sum(fltEffortMonth3Offshore+fltEffortMonth3Onsite) as Vol from EAS_BEData_SDM_NSO \r\nwhere txtquarter ='Q2' and txtfyyr='2021-22'    and txtServiceLine in ('SAP','ORC') \r\n\r\n\r\nselect yearmonth , sum(TotalRevenue) , sum(TotalBilledMonths) from BEFinPulseData_ExclEASPlus where yearmonth in (202107,202108,202109)\r\nand txtSU in ('SAP','ORC') and DigitalTagged = 'Yes' group by YearMonth\r\nselect 202107,  sum(fltFinpulseMonth1 ) as Rev, sum(fltEffortMonth1Offshore+fltEffortMonth1Onsite) as Vol from EAS_BEData_DM_NSO \r\nwhere txtquarter ='Q2' and txtfyyr='2021-22'   and txtServiceLine in ('SAP','ORC')  \r\nselect 202108,  sum(fltFinpulseMonth2 ) as Rev, sum(fltEffortMonth2Offshore+fltEffortMonth2Onsite) as Vol from EAS_BEData_DM_NSO \r\nwhere txtquarter ='Q2' and txtfyyr='2021-22'   and txtServiceLine in ('SAP','ORC')  \r\nselect 202109,  sum(fltFinpulseMonth3 ) as Rev, sum(fltEffortMonth3Offshore+fltEffortMonth3Onsite) as Vol from EAS_BEData_DM_NSO \r\nwhere txtquarter ='Q2' and txtfyyr='2021-22'  and txtServiceLine in ('SAP','ORC')   \r\n\r\n\r\n /*>>Q3*/\r\n\r\n\r\n\r\nselect txtServiceLine, sum(fltSDMMonth1BE + fltSDMMonth2BE+fltSDMMonth3BE) from EAS_BEData_SDM_NSO_06AUG2021 \r\nwhere txtquarter ='Q3' and txtfyyr='2021-22'  and txtServiceLine in ('SAP','ORC')   group by txtServiceLine\r\nselect txtServiceLine, sum(fltSDMMonth1BE + fltSDMMonth2BE+fltSDMMonth3BE) from EAS_BEData_SDM_NSO \r\nwhere txtquarter ='Q3' and txtfyyr='2021-22' and txtServiceLine in ('SAP','ORC')    group by txtServiceLine\r\n\r\nselect txtServiceLine, sum(fltDMMonth1BE + fltDMMonth2BE+fltDMMonth3BE) from EAS_BEData_DM_NSO_06AUG2021 \r\nwhere txtquarter ='Q3' and txtfyyr='2021-22' and txtServiceLine in ('SAP','ORC')    group by txtServiceLine\r\nselect txtServiceLine, sum(fltDMMonth1BE + fltDMMonth2BE+fltDMMonth3BE) from EAS_BEData_DM_NSO \r\nwhere txtquarter ='Q3' and txtfyyr='2021-22' and txtServiceLine in ('SAP','ORC')    group by txtServiceLine\r\n\r\nselect yearmonth , sum(TotalRevenue) , sum(TotalBilledMonths) from BEFinPulseData_ExclEASPlus where yearmonth in (202110,202111,202112)\r\nand txtSU in ('SAP','ORC') and DigitalTagged = 'Yes' group by YearMonth order by yearmonth\r\nselect  202110,  sum(fltFinpulseMonth1 ) as Rev , sum(fltEffortMonth1Offshore+fltEffortMonth1Onsite) as Vol from EAS_BEData_SDM_NSO \r\nwhere txtquarter ='Q3' and txtfyyr='2021-22'    and txtServiceLine in ('SAP','ORC')\r\nselect  202111,  sum(fltFinpulseMonth2 ) as Rev , sum(fltEffortMonth2Offshore+fltEffortMonth2Onsite) as Vol from EAS_BEData_SDM_NSO \r\nwhere txtquarter ='Q3' and txtfyyr='2021-22'   and txtServiceLine in ('SAP','ORC') \r\nselect 202112,  sum(fltFinpulseMonth3 ) as Rev , sum(fltEffortMonth3Offshore+fltEffortMonth3Onsite) as Vol from EAS_BEData_SDM_NSO \r\nwhere txtquarter  ='Q3' and txtfyyr='2021-22'   and txtServiceLine in ('SAP','ORC')  \r\n\r\n\r\nselect yearmonth , sum(TotalRevenue) , sum(TotalBilledMonths) from BEFinPulseData_ExclEASPlus where yearmonth in (202110,202111,202112)\r\nand txtSU in ('SAP','ORC') and DigitalTagged = 'Yes' group by YearMonth\r\nselect 202110,  sum(fltFinpulseMonth1 ) as Rev, sum(fltEffortMonth1Offshore+fltEffortMonth1Onsite) as Vol from EAS_BEData_DM_NSO \r\nwhere txtquarter ='Q3' and txtfyyr='2021-22'   and txtServiceLine in ('SAP','ORC')  \r\nselect 202111,  sum(fltFinpulseMonth2 ) as Rev, sum(fltEffortMonth2Offshore+fltEffortMonth2Onsite) as Vol from EAS_BEData_DM_NSO \r\nwhere txtquarter ='Q3' and txtfyyr='2021-22'   and txtServiceLine in ('SAP','ORC')  \r\nselect 202112,  sum(fltFinpulseMonth3 ) as Rev, sum(fltEffortMonth3Offshore+fltEffortMonth3Onsite) as Vol from EAS_BEData_DM_NSO \r\nwhere txtquarter ='Q3' and txtfyyr='2021-22'    and txtServiceLine in ('SAP','ORC') \r\n\r\n  /*--->>Q4*/\r\n\r\nselect txtServiceLine, sum(fltSDMMonth1BE + fltSDMMonth2BE+fltSDMMonth3BE) from EAS_BEData_SDM_NSO_06AUG2021 \r\nwhere txtquarter ='Q4' and txtfyyr='2021-22' and txtServiceLine in ('SAP','ORC')  group by txtServiceLine\r\nselect txtServiceLine, sum(fltSDMMonth1BE + fltSDMMonth2BE+fltSDMMonth3BE) from EAS_BEData_SDM_NSO \r\nwhere txtquarter ='Q4' and txtfyyr='2021-22' and txtServiceLine in ('SAP','ORC')    group by txtServiceLine\r\n\r\nselect txtServiceLine, sum(fltDMMonth1BE + fltDMMonth2BE+fltDMMonth3BE) from EAS_BEData_DM_NSO_06AUG2021 \r\nwhere txtquarter ='Q4' and txtfyyr='2021-22'  and txtServiceLine in ('SAP','ORC')    group by txtServiceLine\r\nselect txtServiceLine, sum(fltDMMonth1BE + fltDMMonth2BE+fltDMMonth3BE) from EAS_BEData_DM_NSO \r\nwhere txtquarter ='Q4' and txtfyyr='2021-22'  and txtServiceLine in ('SAP','ORC')    group by txtServiceLine\r\n\r\nselect yearmonth , sum(TotalRevenue) , sum(TotalBilledMonths) from BEFinPulseData_ExclEASPlus where yearmonth in (202201,202202,202203)\r\nand txtSU in ('SAP','ORC') and DigitalTagged = 'Yes' group by YearMonth order by yearmonth\r\nselect  202201,  sum(fltFinpulseMonth1 ) as Rev , sum(fltEffortMonth1Offshore+fltEffortMonth1Onsite) as Vol from EAS_BEData_SDM_NSO \r\nwhere txtquarter ='Q4' and txtfyyr='2021-22'    and txtServiceLine in ('SAP','ORC')\r\nselect  202202,  sum(fltFinpulseMonth2 ) as Rev , sum(fltEffortMonth2Offshore+fltEffortMonth2Onsite) as Vol from EAS_BEData_SDM_NSO \r\nwhere txtquarter ='Q4' and txtfyyr='2021-22'    and txtServiceLine in ('SAP','ORC')\r\nselect  202203,  sum(fltFinpulseMonth3 ) as Rev , sum(fltEffortMonth3Offshore+fltEffortMonth3Onsite) as Vol from EAS_BEData_SDM_NSO \r\nwhere txtquarter  ='Q4' and txtfyyr='2021-22'   and txtServiceLine in ('SAP','ORC')  \r\n\r\n\r\nselect yearmonth , sum(TotalRevenue) , sum(TotalBilledMonths) from BEFinPulseData_ExclEASPlus where yearmonth in (202201,202202,202203)\r\nand txtSU in ('SAP','ORC') and DigitalTagged = 'Yes' group by YearMonth\r\nselect 202201,  sum(fltFinpulseMonth1 ) as Rev, sum(fltEffortMonth1Offshore+fltEffortMonth1Onsite) as Vol from EAS_BEData_DM_NSO \r\nwhere txtquarter ='Q4' and txtfyyr='2021-22'     and txtServiceLine in ('SAP','ORC')\r\nselect 202202,  sum(fltFinpulseMonth2 ) as Rev, sum(fltEffortMonth2Offshore+fltEffortMonth2Onsite) as Vol from EAS_BEData_DM_NSO \r\nwhere txtquarter ='Q4' and txtfyyr='2021-22'     and txtServiceLine in ('SAP','ORC')\r\nselect 202203,  sum(fltFinpulseMonth3 ) as Rev, sum(fltEffortMonth3Offshore+fltEffortMonth3Onsite) as Vol from EAS_BEData_DM_NSO \r\nwhere txtquarter ='Q4' and txtfyyr='2021-22'     and txtServiceLine in ('SAP','ORC')\r\n\r\n update tblFinpulseScriptTracker set Status='Completed' where SequenceNo=9","Status":"Pending"},{"ID":15,"SequenceNo":10.0,"Title":"Updates","QueryText":"/*>> CHECK FOR DUPLICATES (VERY IMPORTANT)*/\r\n\r\n \r\n\r\n   /*--Make sure the Data in BE, FP and DEM are in Sync for the combination ( SL, MCC, PU)*/\r\n   /*Run the below SP and copy the data to an excel and check if fine. */\r\nexec [sp_Finpulse_AfterActualsLoad_CheckSync]\r\n\r\n  /*--*** UPDATE THE REGION CODE AND CUSTOMERGEO, Vertical IN DEMCLIENTCODEPORTFOLIO TABLE ***/\r\n  /*--- Make sure revexp is loaded. */\r\n exec sp_Update_Region_In_FPTables\r\n\r\n /* Run the below SP to update the geosegment, RegionCode, CustomerGeo */\r\nupdate BEFinPulseData set geosegment =b.GeoSegment from BEFinPulseData a join [CountryCode_GeoMapping] b on a.CustomerCountry = b.CountryDesc where YearMonth > 202103\r\n /*1 mins*/\r\nselect 'GeoSegment updated'\r\nexec [sp_update_RegionCode_In_DemClinetCodePortfolio]  -- 2mins approx\r\nselect 'Region code updated'\r\nexec [sp_update_RegionCode_In_DemClinetCodePortfolio_CustomerGeo] -- 2 mins approx\r\nselect 'Customer Geo updated'\r\n\r\n  /*---Check whether the regioncode is updated properly using the below query.\r\n  it should not contain any nulls  */\r\nselect     regioncode from demclientcodeportfolio where RegionCode is null\r\n/* Run the below SP to update the Vertical */\r\nexec sp_UpdateVertical_In_DemClinetCodePortfolio\r\nselect * from demclientcodeportfolio where txtvertical is null  /* It shouldnt be null ( exclude new acc ) */\r\n\r\n  /* Run the below SP to generate the before/after version of DemClientcodeportfolio\r\n  for Regioncode and Vertical Changes, copy the result in an excel, 2 sheets and share\r\n  the report with sridevi  */\r\n\texec sp_DemCCP_Compare 'after' \r\n\r\n update tblFinpulseScriptTracker set Status='Completed' where SequenceNo=10","Status":"Pending"},{"ID":16,"SequenceNo":11.0,"Title":"Check for duplicate MCC names","QueryText":"/*  --Check for duplicate MCC names in the Dem table, if there is any duplicate update\r\n the correct MCC name from OMS table or MSD Acc List Table */\r\nselect txtMasterClientCode from (\r\nselect distinct txtMasterClientCode , txtMasterCustomerName from demclientcodeportfolio   )a\r\ngroup by txtMasterClientCode\r\nhaving count(*) > 1 \r\n\r\nupdate tblFinpulseScriptTracker set Status='Completed' where SequenceNo=11","Status":"Pending"},{"ID":17,"SequenceNo":12.0,"Title":"Data movement to MSD tables","QueryText":" /* MOVE THE DATA FROM MAIN TABLE TO MSD TABLES*/\r\nexec sp_Update_Region_In_FPTables\r\n\r\n\r\ndelete from FinPulse_RevExp where FinYear = '2021-22'\r\ninsert into  FinPulse_RevExp  select * from  Finpulse_RevExp_Current   \r\nselect 'FinPulse_RevExp'\r\ndelete from FinPulse_RevExp_MSD where FinYear = '2021-22'\r\ninsert into  FinPulse_RevExp_MSD  select * from  Finpulse_RevExp_Current \r\nselect 'FinPulse_RevExp_MSD' -- 5 minutes\r\n\r\n delete BEFinPulseData_MSD where YearMonth > 202103 \r\ninsert into  BEFinPulseData_MSD  select * from  BEFinPulseData  where YearMonth > 202103 \r\nselect 'BEFinPulseData_MSD' -- 5 mins\r\n \r\nexec sp_Auto_Manpower_ActualsUpdate --TODO: Vikranth confirm, To be run after Rev Prod\r\n  \r\ndelete EAS_ManPower_MSD where YearMonth > 202103 \r\ninsert into  EAS_ManPower_MSD  select * from  EAS_ManPower  where YearMonth > 202103 \r\nselect 'EAS_ManPower_MSD'\r\n\r\n /* End of Data Movement */\r\n \r\nupdate tblFinpulseScriptTracker set Status='Completed' where SequenceNo=12","Status":"Pending"},{"ID":18,"SequenceNo":13.0,"Title":"Other Updates","QueryText":"exec [sp_Auto_Refresh_SDM_DH_ProjectPU_List]  /*-- Update the MI SDM DH Project PU List --*/\r\n select 'Refresh_SDM_DH_ProjectPU Completed'\r\n exec sp_Auto_Refresh_FocusedAccount     /*-- Update the Focus Account list --*/ \r\n select 'Auto_Refresh_FocusedAccount Completed'\r\n exec sp_updateMarginFocusAccounts      /*-- To Update the Margin Focus Accounts --*/   \r\n select 'updateMarginFocusAccounts Completed'\r\n\r\n /*10 mins*/\r\n /*Refresh the Intermediate tables */\r\n /*Current Dashboard :*/\r\nexec EAS_dashboard_Subcon_trend_With_NSO\r\nexec EAS_dashboard_Fin_BE_Summary_EmpCost\r\nexec EAS_dashboard_Fin_BE_Summary_Manpower_Current '2021-22'\r\nselect 'Current Dashboard Completed'\r\n /*--Excl Dashboard :*/\r\nexec [EAS_dashboard_Fin_BE_Summary_EmpCost_Excl] '2021-22'\r\nexec EAS_dashboard_Fin_BE_Summary_Manpower_Excl  '2021-22'\r\nexec EAS_dashboard_Fin_BE_Summary_Manpower_Excl_OnlySubcon  '2021-22'\r\nexec [EAS_dashboard_Subcon_trend_ExclBPO_With_NSO_V1] '2021-22'\r\nselect 'Excl Dashboard Completed'\r\n /*--Incl Dashboard : */\r\nexec [EAS_dashboard_Fin_BE_Summary_EmpCost_Incl]\r\nexec [EAS_dashboard_Subcon_trend_ALL_With_NSO_V1]\r\nselect 'Incl Dashboard Completed' \r\n /* ----UPDATE THE NAO;*/\r\nEXEC SP_ISNaoReport_prod 1 \r\nselect 'NAO Updated'\r\n\r\n /*  Intermediate tables Refresh Completed  */\r\n /*  Update the PT Cost  */\r\nexec [sp_RPP_Intermediate_Cost_GetPT]\r\n exec sp_Intermediate_BEFinpulseData_RPPReport\r\n\r\n/*Validate RevExp and Current Table as in SYNC before Exclude Refresh*/\r\n select Round( A._Count-B._Count ,3) as _Count , Round( A.Apr-B.Apr ,3) as Apr, Round( A.May-B.May,3) as May, Round( A.Jun-B.Jun ,3) as Jun, Round( A.Jul-B.Jul ,3) as Jul, Round( A.Aug-B.Aug ,3) as Aug, Round( A.Sep-B.Sep ,3) as Sep, Round( A.Oct-B.Oct ,3) as Oct,\r\n Round( A.Nov-B.Nov,3) as Nov, Round( A.Decm-B.Decm,3) as Decm, Round( A.Jan-B.Jan,3)  as Jan, Round( A.Feb-B.Feb,3)  as Feb, Round( A.Mar-B.Mar ,3) as Mar, Round( A.Q1-B.Q1 ,3) as Q1, Round( A.Q2-B.Q2 ,3) as Q2, Round( A.Q3-B.Q3 ,3) as Q3,\r\n Round( A.Q4-B.Q4 ,3) as Q4, Round( A.YTD-B.YTD ,3) as YTD, Round( A.TOTAL-B.TOTAL ,3) as TOTAL from  \r\n (select Count(*) as _Count, SUM(Apr) as Apr,SUM(May) as May,SUM(Jun) as Jun,SUM(Jul) as Jul,SUM(Aug) as Aug,SUM(Sep) as Sep,SUM(Oct) as Oct,SUM(Nov) as Nov,SUM(Decm) as Decm,\r\nSUM(Jan) as Jan,SUM(Feb) as Feb,SUM(Mar) as Mar,SUM(Q1) as Q1,SUM(Q2) as Q2,SUM(Q3) as Q3,SUM(Q4) as Q4,SUM(YTD) as YTD,SUM(TOTAL) as TOTAL from finpulse_revexp_current) A ,\r\n(select Count(*) as _Count, SUM(Apr) as Apr,SUM(May) as May,SUM(Jun) as Jun,SUM(Jul) as Jul,SUM(Aug) as Aug,SUM(Sep) as Sep,SUM(Oct) as Oct,SUM(Nov) as Nov,SUM(Decm) as Decm,\r\nSUM(Jan) as Jan,SUM(Feb) as Feb,SUM(Mar) as Mar,SUM(Q1) as Q1,SUM(Q2) as Q2,SUM(Q3) as Q3,SUM(Q4) as Q4,SUM(YTD) as YTD,SUM(TOTAL) as TOTAL from finpulse_revexp\r\nwhere finyear = '2021-22' ) B   \r\n\r\n/*Validate the Intermediate RPP OH Table before Generating the MI Data*/\r\n\r\nexec sp_RevExp_OH_Intermediate \r\n\r\nexec sp_Auto_Batch_PnL -- Run the SP for PPT chart generation during quarterly. \r\n\r\n\r\n\r\n/*  Need to optimise the below. */ \r\nEXEC  [sp_sp_auto_RPP_Generate_Lite_PT]  'without' , 'Option-1'  -- Update the RPP MI Intermediate table without passthrough\r\nEXEC  [sp_sp_auto_RPP_Generate_Lite_PT]  'with' , 'no'   -- Update the RPP MI Intermediate table with passthrough\r\n\r\nEXEC  [sp_sp_auto_RevExp_OH_Generate_Lite_PT]  'without' , 'Option-1'  -- Update the MI RevExp OH Intermediate table without passthrough\r\nEXEC  [sp_sp_auto_RevExp_OH_Generate_Lite_PT]  'with' , 'no'  -- Update the MI RevExp OH Intermediate table with passthrough\r\n\r\nexec [sp_MI_RPP_RexExp_OH_Intermediate_Validation]\r\n\r\n\r\nupdate tblFinpulseScriptTracker set Status='Completed' where SequenceNo=13\r\n","Status":"Pending"}]